lon,lat
140.3330587,36.5449685
140.2800036,36.6558574
140.5096817,36.7057462
140.3592347,36.7685851
140.6151942,36.4923537
140.4096155,36.5969609
140.5254761,36.5103878
140.1728576,36.5278259
140.0581962,36.5523813
140.10118,36.543766
140.071976,36.431168
139.782075,35.686245